<?xml version="1.0" encoding="UTF-8"?>
<CustomField xmlns="http://soap.sforce.com/2006/04/metadata">
    <fullName>BatchEmpAddress__c</fullName>
    <externalId>false</externalId>
    <label>BatchEmpAddress</label>
    <referenceTo>EmpAddress__c</referenceTo>
    <relationshipName>BatchEmployees</relationshipName>
    <relationshipOrder>0</relationshipOrder>
    <reparentableMasterDetail>false</reparentableMasterDetail>
    <trackTrending>false</trackTrending>
    <type>MasterDetail</type>
    <writeRequiresMasterRead>false</writeRequiresMasterRead>
</CustomField>
