<?xml version="1.0" encoding="UTF-8"?>
<CustomField xmlns="http://soap.sforce.com/2006/04/metadata">
    <fullName>Designation__c</fullName>
    <externalId>false</externalId>
    <label>Designation</label>
    <required>false</required>
    <trackTrending>false</trackTrending>
    <type>Picklist</type>
    <valueSet>
        <restricted>true</restricted>
        <valueSetDefinition>
            <sorted>false</sorted>
            <value>
                <fullName>Consultant</fullName>
                <default>false</default>
                <label>Consultant</label>
            </value>
            <value>
                <fullName>Sr. Consultant</fullName>
                <default>false</default>
                <label>Sr. Consultant</label>
            </value>
            <value>
                <fullName>Associate</fullName>
                <default>false</default>
                <label>Associate</label>
            </value>
            <value>
                <fullName>Sr. Associate</fullName>
                <default>false</default>
                <label>Sr. Associate</label>
            </value>
            <value>
                <fullName>Manage</fullName>
                <default>false</default>
                <label>Manage</label>
            </value>
            <value>
                <fullName>Sr. Manager</fullName>
                <default>false</default>
                <label>Sr. Manager</label>
            </value>
            <value>
                <fullName>VP</fullName>
                <default>false</default>
                <label>VP</label>
            </value>
            <value>
                <fullName>Director</fullName>
                <default>false</default>
                <label>Director</label>
            </value>
        </valueSetDefinition>
    </valueSet>
</CustomField>
