<?xml version="1.0" encoding="UTF-8"?>
<CustomField xmlns="http://soap.sforce.com/2006/04/metadata">
    <fullName>Employee__c</fullName>
    <deleteConstraint>SetNull</deleteConstraint>
    <externalId>false</externalId>
    <label>Employee</label>
    <referenceTo>Employee__c</referenceTo>
    <relationshipLabel>Leave Informations</relationshipLabel>
    <relationshipName>Leave_Informations</relationshipName>
    <required>false</required>
    <trackTrending>false</trackTrending>
    <type>Lookup</type>
</CustomField>
